id,text,timestamp
1,I love the new features of this product!,2024-12-13 10:00:00
2,"The service was okay, nothing special.",2024-12-13 11:30:00
3,I am not happy with the recent changes.,2024-12-13 12:45:00
4,The quality has significantly improved!,2024-12-13 13:15:00
5,I had a great experience with the customer service.,2024-12-13 14:00:00
6,The recent update broke some functionality.,2024-12-13 15:20:00
7,Amazing product! Highly recommend it.,2024-12-13 16:45:00
8,"The app is okay, but there is room for improvement.",2024-12-13 17:30:00
9,I faced multiple issues with the new version.,2024-12-13 18:00:00
10,This is the best purchase I've made this year!,2024-12-13 19:15:00
